{
  "run_id": "20260228_112946",
  "model": "gbt",
  "sample_fraction": 0.3,
  "auc_roc": 0.8695052816284105,
  "auc_pr": 0.8730155602779778,
  "f1": 0.7945913149413474,
  "confusion_matrix_counts": [
    {
      "y": 1,
      "yhat": 1,
      "count": 97568
    },
    {
      "y": 0,
      "yhat": 0,
      "count": 141537
    },
    {
      "y": 1,
      "yhat": 0,
      "count": 39680
    },
    {
      "y": 0,
      "yhat": 1,
      "count": 21431
    }
  ]
}