{
  "run_id": "20260228_112946",
  "model": "logreg",
  "sample_fraction": 0.3,
  "auc_roc": 0.8508925835373631,
  "auc_pr": 0.8518639015211031,
  "f1": 0.7780834214448236,
  "confusion_matrix_counts": [
    {
      "y": 1,
      "yhat": 1,
      "count": 89780
    },
    {
      "y": 0,
      "yhat": 0,
      "count": 145039
    },
    {
      "y": 1,
      "yhat": 0,
      "count": 47468
    },
    {
      "y": 0,
      "yhat": 1,
      "count": 17929
    }
  ]
}