{
  "run_id": "20260228_112946",
  "model": "random_forest",
  "sample_fraction": 0.3,
  "auc_roc": 0.85395294278861,
  "auc_pr": 0.8591775787861258,
  "f1": 0.7849966169838852,
  "confusion_matrix_counts": [
    {
      "y": 1,
      "yhat": 1,
      "count": 94085
    },
    {
      "y": 0,
      "yhat": 0,
      "count": 142375
    },
    {
      "y": 1,
      "yhat": 0,
      "count": 43163
    },
    {
      "y": 0,
      "yhat": 1,
      "count": 20593
    }
  ]
}